model_type,training_samples,test_samples,features,training_r2,training_ic,test_r2,test_ic,annualized_return,sharpe_ratio,max_drawdown,total_trades,win_rate,outperformance,modules_available
Ensemble (XGBoost + Random Forest),2192,548,25,-4.020237532233187,0.08130985828416666,-0.16061088598447149,0.022877292247119395,32.812595904936906,1.4315485894113729,30.75498510112754,86,48.837209302325576,12.808827325929585,True
