model_type,training_samples,test_samples,features,training_r2,training_ic,test_r2,test_ic,annualized_return,sharpe_ratio,max_drawdown,total_trades,win_rate,outperformance,modules_available
Ensemble (XGBoost + Random Forest),2192,548,25,-0.21596869586548628,0.1292405040784934,-0.3142354648119021,0.11412330845927264,24.690205653255948,1.4054648287241815,24.948372381711124,49,34.69387755102041,8.75964310548165,True
