model_type,training_samples,test_samples,features,training_r2,training_ic,test_r2,test_ic,annualized_return,sharpe_ratio,max_drawdown,total_trades,win_rate,outperformance,modules_available
Ensemble (XGBoost + Random Forest),2192,548,25,-0.9512560993599954,0.19202895034078266,-0.7523953551055444,-0.04917214492174015,24.632989586887554,0.8658264738245431,54.15242035220241,28,42.857142857142854,18.931087791694946,True
