model_type,training_samples,test_samples,features,training_r2,training_ic,test_r2,test_ic,annualized_return,sharpe_ratio,max_drawdown,total_trades,win_rate,outperformance,modules_available
Ensemble (XGBoost + Random Forest),2192,548,25,-0.7315455342309776,0.08261017339171206,-0.10312832239866454,0.028270486689001163,38.63730591643506,1.5603473645594519,40.704538931203054,69,46.3768115942029,8.35689258777419,True
